STATION,STATION_NAME,ELEVATION,LATITUDE,LONGITUDE,DATE,TMAX,TMIN,PRCP
GHCND:USC00327027,PETERSBURG 2 N ND US,466.3,48.0355,-98.01,2018-1-1,-178,-311,0
GHCND:USC00327027,PETERSBURG 2 N ND US,466.3,48.0355,-98.01,2018-1-2,-244,-322,0
GHCND:USC00327027,PETERSBURG 2 N ND US,466.3,48.0355,-98.01,2018-1-3,-194,-289,0
GHCND:USC00327027,PETERSBURG 2 N ND US,466.3,48.0355,-98.01,2018-1-4,-167,-200,15
GHCND:USC00327027,PETERSBURG 2 N ND US,466.3,48.0355,-98.01,2018-1-5,-133,-167,9999
GHCND:USC00327027,PETERSBURG 2 N ND US,466.3,48.0355,-98.01,2018-1-6,-133,-172,9999
GHCND:USC00327027,PETERSBURG 2 N ND US,466.3,48.0355,-98.01,2018-1-7,-150,-278,0
GHCND:USC00327027,PETERSBURG 2 N ND US,466.3,48.0355,-98.01,2018-1-8,-233,-328,0
GHCND:USC00327027,PETERSBURG 2 N ND US,466.3,48.0355,-98.01,2018-1-9,-233,-322,0
GHCND:USC00327027,PETERSBURG 2 N ND US,466.3,48.0355,-98.01,2018-1-10,-117,-244,0
GHCND:USC00327027,PETERSBURG 2 N ND US,466.3,48.0355,-98.01,2018-1-11,-67,-128,0
GHCND:USC00327027,PETERSBURG 2 N ND US,466.3,48.0355,-98.01,2018-1-12,-78,-122,0
GHCND:USC00327027,PETERSBURG 2 N ND US,466.3,48.0355,-98.01,2018-1-13,-17,-89,0
GHCND:USC00327027,PETERSBURG 2 N ND US,466.3,48.0355,-98.01,2018-1-14,39,-72,0
GHCND:USC00327027,PETERSBURG 2 N ND US,466.3,48.0355,-98.01,2018-1-15,-67,-72,0
GHCND:USC00327027,PETERSBURG 2 N ND US,466.3,48.0355,-98.01,2018-1-16,22,-50,0
GHCND:USC00327027,PETERSBURG 2 N ND US,466.3,48.0355,-98.01,2018-1-17,33,-44,0
GHCND:USC00327027,PETERSBURG 2 N ND US,466.3,48.0355,-98.01,2018-1-18,6,-172,0
GHCND:USC00327027,PETERSBURG 2 N ND US,466.3,48.0355,-98.01,2018-1-19,-56,-183,0
GHCND:USC00327027,PETERSBURG 2 N ND US,466.3,48.0355,-98.01,2018-1-20,-67,-139,0
GHCND:USC00327027,PETERSBURG 2 N ND US,466.3,48.0355,-98.01,2018-1-21,-67,-94,25
GHCND:USC00327027,PETERSBURG 2 N ND US,466.3,48.0355,-98.01,2018-1-22,-44,-67,0
GHCND:USC00327027,PETERSBURG 2 N ND US,466.3,48.0355,-98.01,2018-1-23,-6,-44,0
GHCND:USC00327027,PETERSBURG 2 N ND US,466.3,48.0355,-98.01,2018-1-24,0,-11,0
GHCND:USC00327027,PETERSBURG 2 N ND US,466.3,48.0355,-98.01,2018-1-25,-11,-161,0
GHCND:USC00327027,PETERSBURG 2 N ND US,466.3,48.0355,-98.01,2018-1-26,-161,-233,0
GHCND:USC00327027,PETERSBURG 2 N ND US,466.3,48.0355,-98.01,2018-1-27,-167,-222,0
GHCND:USC00327027,PETERSBURG 2 N ND US,466.3,48.0355,-98.01,2018-1-28,-167,-283,0
GHCND:USC00327027,PETERSBURG 2 N ND US,466.3,48.0355,-98.01,2018-1-29,-189,-283,0
GHCND:USC00327027,PETERSBURG 2 N ND US,466.3,48.0355,-98.01,2018-1-30,-156,-267,0
GHCND:USC00327027,PETERSBURG 2 N ND US,466.3,48.0355,-98.01,2018-1-31,-150,-272,0
GHCND:USC00327027,PETERSBURG 2 N ND US,466.3,48.0355,-98.01,2018-2-1,-178,-311,0
GHCND:USC00327027,PETERSBURG 2 N ND US,466.3,48.0355,-98.01,2018-2-2,-244,-322,0
GHCND:USC00327027,PETERSBURG 2 N ND US,466.3,48.0355,-98.01,2018-2-3,-194,-289,0
GHCND:USC00327027,PETERSBURG 2 N ND US,466.3,48.0355,-98.01,2018-2-4,-167,-200,15
GHCND:USC00327027,PETERSBURG 2 N ND US,466.3,48.0355,-98.01,2018-2-5,-133,-167,9999
GHCND:USC00327027,PETERSBURG 2 N ND US,466.3,48.0355,-98.01,2018-2-6,-133,-172,9999
GHCND:USC00327027,PETERSBURG 2 N ND US,466.3,48.0355,-98.01,2018-2-7,-150,-278,0
GHCND:USC00327027,PETERSBURG 2 N ND US,466.3,48.0355,-98.01,2018-2-8,-233,-328,0
GHCND:USC00327027,PETERSBURG 2 N ND US,466.3,48.0355,-98.01,2018-2-9,-233,-322,0
GHCND:USC00327027,PETERSBURG 2 N ND US,466.3,48.0355,-98.01,2018-2-10,-117,-244,0
GHCND:USC00327027,PETERSBURG 2 N ND US,466.3,48.0355,-98.01,2018-2-11,-67,-128,0
GHCND:USC00327027,PETERSBURG 2 N ND US,466.3,48.0355,-98.01,2018-2-12,-78,-122,0
GHCND:USC00327027,PETERSBURG 2 N ND US,466.3,48.0355,-98.01,2018-2-13,-17,-89,0
GHCND:USC00327027,PETERSBURG 2 N ND US,466.3,48.0355,-98.01,2018-2-14,39,-72,0
GHCND:USC00327027,PETERSBURG 2 N ND US,466.3,48.0355,-98.01,2018-2-15,-67,-72,0
GHCND:USC00327027,PETERSBURG 2 N ND US,466.3,48.0355,-98.01,2018-2-16,22,-50,0
GHCND:USC00327027,PETERSBURG 2 N ND US,466.3,48.0355,-98.01,2018-2-17,33,-44,0
GHCND:USC00327027,PETERSBURG 2 N ND US,466.3,48.0355,-98.01,2018-2-18,6,-172,0
GHCND:USC00327027,PETERSBURG 2 N ND US,466.3,48.0355,-98.01,2018-2-19,-56,-183,0
GHCND:USC00327027,PETERSBURG 2 N ND US,466.3,48.0355,-98.01,2018-2-20,-67,-139,0
GHCND:USC00327027,PETERSBURG 2 N ND US,466.3,48.0355,-98.01,2018-2-21,-67,-94,25
GHCND:USC00327027,PETERSBURG 2 N ND US,466.3,48.0355,-98.01,2018-2-22,-44,-67,0
GHCND:USC00327027,PETERSBURG 2 N ND US,466.3,48.0355,-98.01,2018-2-23,-6,-44,0
GHCND:USC00327027,PETERSBURG 2 N ND US,466.3,48.0355,-98.01,2018-2-24,0,-11,0
GHCND:USC00327027,PETERSBURG 2 N ND US,466.3,48.0355,-98.01,2018-2-25,-11,-161,0
GHCND:USC00327027,PETERSBURG 2 N ND US,466.3,48.0355,-98.01,2018-2-26,-161,-233,0
GHCND:USC00327027,PETERSBURG 2 N ND US,466.3,48.0355,-98.01,2018-2-27,-167,-222,0
GHCND:USC00327027,PETERSBURG 2 N ND US,466.3,48.0355,-98.01,2018-2-28,-167,-283,0
GHCND:USC00327027,PETERSBURG 2 N ND US,466.3,48.0355,-98.01,2018-3-1,-189,-283,0
GHCND:USC00327027,PETERSBURG 2 N ND US,466.3,48.0355,-98.01,2018-3-2,-156,-267,0
GHCND:USC00327027,PETERSBURG 2 N ND US,466.3,48.0355,-98.01,2018-3-3,-150,-272,0
GHCND:USC00327027,PETERSBURG 2 N ND US,466.3,48.0355,-98.01,2018-3-4,-178,-311,0
GHCND:USC00327027,PETERSBURG 2 N ND US,466.3,48.0355,-98.01,2018-3-5,-244,-322,0
GHCND:USC00327027,PETERSBURG 2 N ND US,466.3,48.0355,-98.01,2018-3-6,-194,-289,0
GHCND:USC00327027,PETERSBURG 2 N ND US,466.3,48.0355,-98.01,2018-3-7,-167,-200,15
GHCND:USC00327027,PETERSBURG 2 N ND US,466.3,48.0355,-98.01,2018-3-8,-133,-167,9999
GHCND:USC00327027,PETERSBURG 2 N ND US,466.3,48.0355,-98.01,2018-3-9,-133,-172,9999
GHCND:USC00327027,PETERSBURG 2 N ND US,466.3,48.0355,-98.01,2018-3-10,-150,-278,0
GHCND:USC00327027,PETERSBURG 2 N ND US,466.3,48.0355,-98.01,2018-3-11,-233,-328,0
GHCND:USC00327027,PETERSBURG 2 N ND US,466.3,48.0355,-98.01,2018-3-12,-233,-322,0
GHCND:USC00327027,PETERSBURG 2 N ND US,466.3,48.0355,-98.01,2018-3-13,-117,-244,0
GHCND:USC00327027,PETERSBURG 2 N ND US,466.3,48.0355,-98.01,2018-3-14,-67,-128,0
GHCND:USC00327027,PETERSBURG 2 N ND US,466.3,48.0355,-98.01,2018-3-15,-78,-122,0
GHCND:USC00327027,PETERSBURG 2 N ND US,466.3,48.0355,-98.01,2018-3-16,-17,-89,0
GHCND:USC00327027,PETERSBURG 2 N ND US,466.3,48.0355,-98.01,2018-3-17,39,-72,0
GHCND:USC00327027,PETERSBURG 2 N ND US,466.3,48.0355,-98.01,2018-3-18,-67,-72,0
GHCND:USC00327027,PETERSBURG 2 N ND US,466.3,48.0355,-98.01,2018-3-19,22,-50,0
GHCND:USC00327027,PETERSBURG 2 N ND US,466.3,48.0355,-98.01,2018-3-20,33,-44,0
GHCND:USC00327027,PETERSBURG 2 N ND US,466.3,48.0355,-98.01,2018-3-21,6,-172,0
GHCND:USC00327027,PETERSBURG 2 N ND US,466.3,48.0355,-98.01,2018-3-22,-56,-183,0
GHCND:USC00327027,PETERSBURG 2 N ND US,466.3,48.0355,-98.01,2018-3-23,-67,-139,0
GHCND:USC00327027,PETERSBURG 2 N ND US,466.3,48.0355,-98.01,2018-3-24,-67,-94,25
GHCND:USC00327027,PETERSBURG 2 N ND US,466.3,48.0355,-98.01,2018-3-25,-44,-67,0
GHCND:USC00327027,PETERSBURG 2 N ND US,466.3,48.0355,-98.01,2018-3-26,-6,-44,0
GHCND:USC00327027,PETERSBURG 2 N ND US,466.3,48.0355,-98.01,2018-3-27,0,-11,0
GHCND:USC00327027,PETERSBURG 2 N ND US,466.3,48.0355,-98.01,2018-3-28,-11,-161,0
GHCND:USC00327027,PETERSBURG 2 N ND US,466.3,48.0355,-98.01,2018-3-29,-161,-233,0
GHCND:USC00327027,PETERSBURG 2 N ND US,466.3,48.0355,-98.01,2018-3-30,-167,-222,0
GHCND:USC00327027,PETERSBURG 2 N ND US,466.3,48.0355,-98.01,2018-3-31,-167,-283,0
GHCND:USC00327027,PETERSBURG 2 N ND US,466.3,48.0355,-98.01,2018-4-1,-189,-283,0
GHCND:USC00327027,PETERSBURG 2 N ND US,466.3,48.0355,-98.01,2018-4-2,-156,-267,0
GHCND:USC00327027,PETERSBURG 2 N ND US,466.3,48.0355,-98.01,2018-4-3,-150,-272,0
GHCND:USC00327027,PETERSBURG 2 N ND US,466.3,48.0355,-98.01,2018-4-4,-178,-311,0
GHCND:USC00327027,PETERSBURG 2 N ND US,466.3,48.0355,-98.01,2018-4-5,-244,-322,0
GHCND:USC00327027,PETERSBURG 2 N ND US,466.3,48.0355,-98.01,2018-4-6,-194,-289,0
GHCND:USC00327027,PETERSBURG 2 N ND US,466.3,48.0355,-98.01,2018-4-7,-167,-200,15
GHCND:USC00327027,PETERSBURG 2 N ND US,466.3,48.0355,-98.01,2018-4-8,-133,-167,9999
GHCND:USC00327027,PETERSBURG 2 N ND US,466.3,48.0355,-98.01,2018-4-9,-133,-172,9999
GHCND:USC00327027,PETERSBURG 2 N ND US,466.3,48.0355,-98.01,2018-4-10,-150,-278,0
GHCND:USC00327027,PETERSBURG 2 N ND US,466.3,48.0355,-98.01,2018-4-11,-233,-328,0
GHCND:USC00327027,PETERSBURG 2 N ND US,466.3,48.0355,-98.01,2018-4-12,-233,-322,0
GHCND:USC00327027,PETERSBURG 2 N ND US,466.3,48.0355,-98.01,2018-4-13,-117,-244,0
GHCND:USC00327027,PETERSBURG 2 N ND US,466.3,48.0355,-98.01,2018-4-14,-67,-128,0
GHCND:USC00327027,PETERSBURG 2 N ND US,466.3,48.0355,-98.01,2018-4-15,-78,-122,0
GHCND:USC00327027,PETERSBURG 2 N ND US,466.3,48.0355,-98.01,2018-4-16,-17,-89,0
GHCND:USC00327027,PETERSBURG 2 N ND US,466.3,48.0355,-98.01,2018-4-17,39,-72,0
GHCND:USC00327027,PETERSBURG 2 N ND US,466.3,48.0355,-98.01,2018-4-18,-67,-72,0
GHCND:USC00327027,PETERSBURG 2 N ND US,466.3,48.0355,-98.01,2018-4-19,22,-50,0
GHCND:USC00327027,PETERSBURG 2 N ND US,466.3,48.0355,-98.01,2018-4-20,33,-44,0
GHCND:USC00327027,PETERSBURG 2 N ND US,466.3,48.0355,-98.01,2018-4-21,6,-172,0
GHCND:USC00327027,PETERSBURG 2 N ND US,466.3,48.0355,-98.01,2018-4-22,-56,-183,0
GHCND:USC00327027,PETERSBURG 2 N ND US,466.3,48.0355,-98.01,2018-4-23,-67,-139,0
GHCND:USC00327027,PETERSBURG 2 N ND US,466.3,48.0355,-98.01,2018-4-24,-67,-94,25
GHCND:USC00327027,PETERSBURG 2 N ND US,466.3,48.0355,-98.01,2018-4-25,-44,-67,0
GHCND:USC00327027,PETERSBURG 2 N ND US,466.3,48.0355,-98.01,2018-4-26,-6,-44,0
GHCND:USC00327027,PETERSBURG 2 N ND US,466.3,48.0355,-98.01,2018-4-27,0,-11,0
GHCND:USC00327027,PETERSBURG 2 N ND US,466.3,48.0355,-98.01,2018-4-28,-11,-161,0
GHCND:USC00327027,PETERSBURG 2 N ND US,466.3,48.0355,-98.01,2018-4-29,-161,-233,0
GHCND:USC00327027,PETERSBURG 2 N ND US,466.3,48.0355,-98.01,2018-4-30,-167,-222,0
GHCND:USC00327027,PETERSBURG 2 N ND US,466.3,48.0355,-98.01,2018-5-1,-167,-283,0
GHCND:USC00327027,PETERSBURG 2 N ND US,466.3,48.0355,-98.01,2018-5-2,-189,-283,0
GHCND:USC00327027,PETERSBURG 2 N ND US,466.3,48.0355,-98.01,2018-5-3,-156,-267,0
GHCND:USC00327027,PETERSBURG 2 N ND US,466.3,48.0355,-98.01,2018-5-4,-150,-272,0
GHCND:USC00327027,PETERSBURG 2 N ND US,466.3,48.0355,-98.01,2018-5-5,-178,-311,0
GHCND:USC00327027,PETERSBURG 2 N ND US,466.3,48.0355,-98.01,2018-5-6,-244,-322,0
GHCND:USC00327027,PETERSBURG 2 N ND US,466.3,48.0355,-98.01,2018-5-7,-194,-289,0
GHCND:USC00327027,PETERSBURG 2 N ND US,466.3,48.0355,-98.01,2018-5-8,-167,-200,15
GHCND:USC00327027,PETERSBURG 2 N ND US,466.3,48.0355,-98.01,2018-5-9,-133,-167,9999
GHCND:USC00327027,PETERSBURG 2 N ND US,466.3,48.0355,-98.01,2018-5-10,-133,-172,9999
GHCND:USC00327027,PETERSBURG 2 N ND US,466.3,48.0355,-98.01,2018-5-11,-150,-278,0
GHCND:USC00327027,PETERSBURG 2 N ND US,466.3,48.0355,-98.01,2018-5-12,-233,-328,0
GHCND:USC00327027,PETERSBURG 2 N ND US,466.3,48.0355,-98.01,2018-5-13,-233,-322,0
GHCND:USC00327027,PETERSBURG 2 N ND US,466.3,48.0355,-98.01,2018-5-14,-117,-244,0
GHCND:USC00327027,PETERSBURG 2 N ND US,466.3,48.0355,-98.01,2018-5-15,-67,-128,0
GHCND:USC00327027,PETERSBURG 2 N ND US,466.3,48.0355,-98.01,2018-5-16,-78,-122,0
GHCND:USC00327027,PETERSBURG 2 N ND US,466.3,48.0355,-98.01,2018-5-17,-17,-89,0
GHCND:USC00327027,PETERSBURG 2 N ND US,466.3,48.0355,-98.01,2018-5-18,39,-72,0
GHCND:USC00327027,PETERSBURG 2 N ND US,466.3,48.0355,-98.01,2018-5-19,-67,-72,0
GHCND:USC00327027,PETERSBURG 2 N ND US,466.3,48.0355,-98.01,2018-5-20,22,-50,0
GHCND:USC00327027,PETERSBURG 2 N ND US,466.3,48.0355,-98.01,2018-5-21,33,-44,0
GHCND:USC00327027,PETERSBURG 2 N ND US,466.3,48.0355,-98.01,2018-5-22,6,-172,0
GHCND:USC00327027,PETERSBURG 2 N ND US,466.3,48.0355,-98.01,2018-5-23,-56,-183,0
GHCND:USC00327027,PETERSBURG 2 N ND US,466.3,48.0355,-98.01,2018-5-24,-67,-139,0
GHCND:USC00327027,PETERSBURG 2 N ND US,466.3,48.0355,-98.01,2018-5-25,-67,-94,25
GHCND:USC00327027,PETERSBURG 2 N ND US,466.3,48.0355,-98.01,2018-5-26,-44,-67,0
GHCND:USC00327027,PETERSBURG 2 N ND US,466.3,48.0355,-98.01,2018-5-27,-6,-44,0
GHCND:USC00327027,PETERSBURG 2 N ND US,466.3,48.0355,-98.01,2018-5-28,0,-11,0
GHCND:USC00327027,PETERSBURG 2 N ND US,466.3,48.0355,-98.01,2018-5-29,-11,-161,0
GHCND:USC00327027,PETERSBURG 2 N ND US,466.3,48.0355,-98.01,2018-5-30,-161,-233,0
GHCND:USC00327027,PETERSBURG 2 N ND US,466.3,48.0355,-98.01,2018-5-31,-167,-222,0
GHCND:USC00327027,PETERSBURG 2 N ND US,466.3,48.0355,-98.01,2018-6-1,-167,-283,0
GHCND:USC00327027,PETERSBURG 2 N ND US,466.3,48.0355,-98.01,2018-6-2,-189,-283,0
GHCND:USC00327027,PETERSBURG 2 N ND US,466.3,48.0355,-98.01,2018-6-3,-156,-267,0
GHCND:USC00327027,PETERSBURG 2 N ND US,466.3,48.0355,-98.01,2018-6-4,-150,-272,0
GHCND:USC00327027,PETERSBURG 2 N ND US,466.3,48.0355,-98.01,2018-6-5,-178,-311,0
GHCND:USC00327027,PETERSBURG 2 N ND US,466.3,48.0355,-98.01,2018-6-6,-244,-322,0
GHCND:USC00327027,PETERSBURG 2 N ND US,466.3,48.0355,-98.01,2018-6-7,-194,-289,0
GHCND:USC00327027,PETERSBURG 2 N ND US,466.3,48.0355,-98.01,2018-6-8,-167,-200,15
GHCND:USC00327027,PETERSBURG 2 N ND US,466.3,48.0355,-98.01,2018-6-9,-133,-167,9999
GHCND:USC00327027,PETERSBURG 2 N ND US,466.3,48.0355,-98.01,2018-6-10,-133,-172,9999
GHCND:USC00327027,PETERSBURG 2 N ND US,466.3,48.0355,-98.01,2018-6-11,-150,-278,0
GHCND:USC00327027,PETERSBURG 2 N ND US,466.3,48.0355,-98.01,2018-6-12,-233,-328,0
GHCND:USC00327027,PETERSBURG 2 N ND US,466.3,48.0355,-98.01,2018-6-13,-233,-322,0
GHCND:USC00327027,PETERSBURG 2 N ND US,466.3,48.0355,-98.01,2018-6-14,-117,-244,0
GHCND:USC00327027,PETERSBURG 2 N ND US,466.3,48.0355,-98.01,2018-6-15,-67,-128,0
GHCND:USC00327027,PETERSBURG 2 N ND US,466.3,48.0355,-98.01,2018-6-16,-78,-122,0
GHCND:USC00327027,PETERSBURG 2 N ND US,466.3,48.0355,-98.01,2018-6-17,-17,-89,0
GHCND:USC00327027,PETERSBURG 2 N ND US,466.3,48.0355,-98.01,2018-6-18,39,-72,0
GHCND:USC00327027,PETERSBURG 2 N ND US,466.3,48.0355,-98.01,2018-6-19,-67,-72,0
GHCND:USC00327027,PETERSBURG 2 N ND US,466.3,48.0355,-98.01,2018-6-20,22,-50,0
GHCND:USC00327027,PETERSBURG 2 N ND US,466.3,48.0355,-98.01,2018-6-21,33,-44,0
GHCND:USC00327027,PETERSBURG 2 N ND US,466.3,48.0355,-98.01,2018-6-22,6,-172,0
GHCND:USC00327027,PETERSBURG 2 N ND US,466.3,48.0355,-98.01,2018-6-23,-56,-183,0
GHCND:USC00327027,PETERSBURG 2 N ND US,466.3,48.0355,-98.01,2018-6-24,-67,-139,0
GHCND:USC00327027,PETERSBURG 2 N ND US,466.3,48.0355,-98.01,2018-6-25,-67,-94,25
GHCND:USC00327027,PETERSBURG 2 N ND US,466.3,48.0355,-98.01,2018-6-26,-44,-67,0
GHCND:USC00327027,PETERSBURG 2 N ND US,466.3,48.0355,-98.01,2018-6-27,-6,-44,0
GHCND:USC00327027,PETERSBURG 2 N ND US,466.3,48.0355,-98.01,2018-6-28,0,-11,0
GHCND:USC00327027,PETERSBURG 2 N ND US,466.3,48.0355,-98.01,2018-6-29,-11,-161,0
GHCND:USC00327027,PETERSBURG 2 N ND US,466.3,48.0355,-98.01,2018-6-30,-161,-233,0
GHCND:USC00327027,PETERSBURG 2 N ND US,466.3,48.0355,-98.01,2018-7-1,-167,-222,0
GHCND:USC00327027,PETERSBURG 2 N ND US,466.3,48.0355,-98.01,2018-7-2,-167,-283,0
GHCND:USC00327027,PETERSBURG 2 N ND US,466.3,48.0355,-98.01,2018-7-3,-189,-283,0
GHCND:USC00327027,PETERSBURG 2 N ND US,466.3,48.0355,-98.01,2018-7-4,-156,-267,0
GHCND:USC00327027,PETERSBURG 2 N ND US,466.3,48.0355,-98.01,2018-7-5,-150,-272,0
GHCND:USC00327027,PETERSBURG 2 N ND US,466.3,48.0355,-98.01,2018-7-6,-178,-311,0
GHCND:USC00327027,PETERSBURG 2 N ND US,466.3,48.0355,-98.01,2018-7-7,-244,-322,0
GHCND:USC00327027,PETERSBURG 2 N ND US,466.3,48.0355,-98.01,2018-7-8,-194,-289,0
GHCND:USC00327027,PETERSBURG 2 N ND US,466.3,48.0355,-98.01,2018-7-9,-167,-200,15
GHCND:USC00327027,PETERSBURG 2 N ND US,466.3,48.0355,-98.01,2018-7-10,-133,-167,9999
GHCND:USC00327027,PETERSBURG 2 N ND US,466.3,48.0355,-98.01,2018-7-11,-133,-172,9999
GHCND:USC00327027,PETERSBURG 2 N ND US,466.3,48.0355,-98.01,2018-7-12,-150,-278,0
GHCND:USC00327027,PETERSBURG 2 N ND US,466.3,48.0355,-98.01,2018-7-13,-233,-328,0
GHCND:USC00327027,PETERSBURG 2 N ND US,466.3,48.0355,-98.01,2018-7-14,-233,-322,0
GHCND:USC00327027,PETERSBURG 2 N ND US,466.3,48.0355,-98.01,2018-7-15,-117,-244,0
GHCND:USC00327027,PETERSBURG 2 N ND US,466.3,48.0355,-98.01,2018-7-16,-67,-128,0
GHCND:USC00327027,PETERSBURG 2 N ND US,466.3,48.0355,-98.01,2018-7-17,-78,-122,0
GHCND:USC00327027,PETERSBURG 2 N ND US,466.3,48.0355,-98.01,2018-7-18,-17,-89,0
GHCND:USC00327027,PETERSBURG 2 N ND US,466.3,48.0355,-98.01,2018-7-19,39,-72,0
GHCND:USC00327027,PETERSBURG 2 N ND US,466.3,48.0355,-98.01,2018-7-20,-67,-72,0
GHCND:USC00327027,PETERSBURG 2 N ND US,466.3,48.0355,-98.01,2018-7-21,22,-50,0
GHCND:USC00327027,PETERSBURG 2 N ND US,466.3,48.0355,-98.01,2018-7-22,33,-44,0
GHCND:USC00327027,PETERSBURG 2 N ND US,466.3,48.0355,-98.01,2018-7-23,6,-172,0
GHCND:USC00327027,PETERSBURG 2 N ND US,466.3,48.0355,-98.01,2018-7-24,-56,-183,0
GHCND:USC00327027,PETERSBURG 2 N ND US,466.3,48.0355,-98.01,2018-7-25,-67,-139,0
GHCND:USC00327027,PETERSBURG 2 N ND US,466.3,48.0355,-98.01,2018-7-26,-67,-94,25
GHCND:USC00327027,PETERSBURG 2 N ND US,466.3,48.0355,-98.01,2018-7-27,-44,-67,0
GHCND:USC00327027,PETERSBURG 2 N ND US,466.3,48.0355,-98.01,2018-7-28,-6,-44,0
GHCND:USC00327027,PETERSBURG 2 N ND US,466.3,48.0355,-98.01,2018-7-29,0,-11,0
GHCND:USC00327027,PETERSBURG 2 N ND US,466.3,48.0355,-98.01,2018-7-30,-11,-161,0
GHCND:USC00327027,PETERSBURG 2 N ND US,466.3,48.0355,-98.01,2018-7-31,-161,-233,0
GHCND:USC00327027,PETERSBURG 2 N ND US,466.3,48.0355,-98.01,2018-8-1,-167,-222,0
GHCND:USC00327027,PETERSBURG 2 N ND US,466.3,48.0355,-98.01,2018-8-2,-167,-283,0
GHCND:USC00327027,PETERSBURG 2 N ND US,466.3,48.0355,-98.01,2018-8-3,-189,-283,0
GHCND:USC00327027,PETERSBURG 2 N ND US,466.3,48.0355,-98.01,2018-8-4,-156,-267,0
GHCND:USC00327027,PETERSBURG 2 N ND US,466.3,48.0355,-98.01,2018-8-5,-150,-272,0
GHCND:USC00327027,PETERSBURG 2 N ND US,466.3,48.0355,-98.01,2018-8-6,-178,-311,0
GHCND:USC00327027,PETERSBURG 2 N ND US,466.3,48.0355,-98.01,2018-8-7,-244,-322,0
GHCND:USC00327027,PETERSBURG 2 N ND US,466.3,48.0355,-98.01,2018-8-8,-194,-289,0
GHCND:USC00327027,PETERSBURG 2 N ND US,466.3,48.0355,-98.01,2018-8-9,-167,-200,15
GHCND:USC00327027,PETERSBURG 2 N ND US,466.3,48.0355,-98.01,2018-8-10,-133,-167,9999
GHCND:USC00327027,PETERSBURG 2 N ND US,466.3,48.0355,-98.01,2018-8-11,-133,-172,9999
GHCND:USC00327027,PETERSBURG 2 N ND US,466.3,48.0355,-98.01,2018-8-12,-150,-278,0
GHCND:USC00327027,PETERSBURG 2 N ND US,466.3,48.0355,-98.01,2018-8-13,-233,-328,0
GHCND:USC00327027,PETERSBURG 2 N ND US,466.3,48.0355,-98.01,2018-8-14,-233,-322,0
GHCND:USC00327027,PETERSBURG 2 N ND US,466.3,48.0355,-98.01,2018-8-15,-117,-244,0
GHCND:USC00327027,PETERSBURG 2 N ND US,466.3,48.0355,-98.01,2018-8-16,-67,-128,0
GHCND:USC00327027,PETERSBURG 2 N ND US,466.3,48.0355,-98.01,2018-8-17,-78,-122,0
GHCND:USC00327027,PETERSBURG 2 N ND US,466.3,48.0355,-98.01,2018-8-18,-17,-89,0
GHCND:USC00327027,PETERSBURG 2 N ND US,466.3,48.0355,-98.01,2018-8-19,39,-72,0
GHCND:USC00327027,PETERSBURG 2 N ND US,466.3,48.0355,-98.01,2018-8-20,-67,-72,0
GHCND:USC00327027,PETERSBURG 2 N ND US,466.3,48.0355,-98.01,2018-8-21,22,-50,0
GHCND:USC00327027,PETERSBURG 2 N ND US,466.3,48.0355,-98.01,2018-8-22,33,-44,0
GHCND:USC00327027,PETERSBURG 2 N ND US,466.3,48.0355,-98.01,2018-8-23,6,-172,0
GHCND:USC00327027,PETERSBURG 2 N ND US,466.3,48.0355,-98.01,2018-8-24,-56,-183,0
GHCND:USC00327027,PETERSBURG 2 N ND US,466.3,48.0355,-98.01,2018-8-25,-67,-139,0
GHCND:USC00327027,PETERSBURG 2 N ND US,466.3,48.0355,-98.01,2018-8-26,-67,-94,25
GHCND:USC00327027,PETERSBURG 2 N ND US,466.3,48.0355,-98.01,2018-8-27,-44,-67,0
GHCND:USC00327027,PETERSBURG 2 N ND US,466.3,48.0355,-98.01,2018-8-28,-6,-44,0
GHCND:USC00327027,PETERSBURG 2 N ND US,466.3,48.0355,-98.01,2018-8-29,0,-11,0
GHCND:USC00327027,PETERSBURG 2 N ND US,466.3,48.0355,-98.01,2018-8-30,-11,-161,0
GHCND:USC00327027,PETERSBURG 2 N ND US,466.3,48.0355,-98.01,2018-8-31,-161,-233,0
GHCND:USC00327027,PETERSBURG 2 N ND US,466.3,48.0355,-98.01,2018-9-1,-167,-222,0
GHCND:USC00327027,PETERSBURG 2 N ND US,466.3,48.0355,-98.01,2018-9-2,-167,-283,0
GHCND:USC00327027,PETERSBURG 2 N ND US,466.3,48.0355,-98.01,2018-9-3,-189,-283,0
GHCND:USC00327027,PETERSBURG 2 N ND US,466.3,48.0355,-98.01,2018-9-4,-156,-267,0
GHCND:USC00327027,PETERSBURG 2 N ND US,466.3,48.0355,-98.01,2018-9-5,-150,-272,0
GHCND:USC00327027,PETERSBURG 2 N ND US,466.3,48.0355,-98.01,2018-9-6,-178,-311,0
GHCND:USC00327027,PETERSBURG 2 N ND US,466.3,48.0355,-98.01,2018-9-7,-244,-322,0
GHCND:USC00327027,PETERSBURG 2 N ND US,466.3,48.0355,-98.01,2018-9-8,-194,-289,0
GHCND:USC00327027,PETERSBURG 2 N ND US,466.3,48.0355,-98.01,2018-9-9,-167,-200,15
GHCND:USC00327027,PETERSBURG 2 N ND US,466.3,48.0355,-98.01,2018-9-10,-133,-167,9999
GHCND:USC00327027,PETERSBURG 2 N ND US,466.3,48.0355,-98.01,2018-9-11,-133,-172,9999
GHCND:USC00327027,PETERSBURG 2 N ND US,466.3,48.0355,-98.01,2018-9-12,-150,-278,0
GHCND:USC00327027,PETERSBURG 2 N ND US,466.3,48.0355,-98.01,2018-9-13,-233,-328,0
GHCND:USC00327027,PETERSBURG 2 N ND US,466.3,48.0355,-98.01,2018-9-14,-233,-322,0
GHCND:USC00327027,PETERSBURG 2 N ND US,466.3,48.0355,-98.01,2018-9-15,-117,-244,0
GHCND:USC00327027,PETERSBURG 2 N ND US,466.3,48.0355,-98.01,2018-9-16,-67,-128,0
GHCND:USC00327027,PETERSBURG 2 N ND US,466.3,48.0355,-98.01,2018-9-17,-78,-122,0
GHCND:USC00327027,PETERSBURG 2 N ND US,466.3,48.0355,-98.01,2018-9-18,-17,-89,0
GHCND:USC00327027,PETERSBURG 2 N ND US,466.3,48.0355,-98.01,2018-9-19,39,-72,0
GHCND:USC00327027,PETERSBURG 2 N ND US,466.3,48.0355,-98.01,2018-9-20,-67,-72,0
GHCND:USC00327027,PETERSBURG 2 N ND US,466.3,48.0355,-98.01,2018-9-21,22,-50,0
GHCND:USC00327027,PETERSBURG 2 N ND US,466.3,48.0355,-98.01,2018-9-22,33,-44,0
GHCND:USC00327027,PETERSBURG 2 N ND US,466.3,48.0355,-98.01,2018-9-23,6,-172,0
GHCND:USC00327027,PETERSBURG 2 N ND US,466.3,48.0355,-98.01,2018-9-24,-56,-183,0
GHCND:USC00327027,PETERSBURG 2 N ND US,466.3,48.0355,-98.01,2018-9-25,-67,-139,0
GHCND:USC00327027,PETERSBURG 2 N ND US,466.3,48.0355,-98.01,2018-9-26,-67,-94,25
GHCND:USC00327027,PETERSBURG 2 N ND US,466.3,48.0355,-98.01,2018-9-27,-44,-67,0
GHCND:USC00327027,PETERSBURG 2 N ND US,466.3,48.0355,-98.01,2018-9-28,-6,-44,0
GHCND:USC00327027,PETERSBURG 2 N ND US,466.3,48.0355,-98.01,2018-9-29,0,-11,0
GHCND:USC00327027,PETERSBURG 2 N ND US,466.3,48.0355,-98.01,2018-9-30,-11,-161,0
GHCND:USC00327027,PETERSBURG 2 N ND US,466.3,48.0355,-98.01,2018-10-1,-161,-233,0
GHCND:USC00327027,PETERSBURG 2 N ND US,466.3,48.0355,-98.01,2018-10-2,-167,-222,0
GHCND:USC00327027,PETERSBURG 2 N ND US,466.3,48.0355,-98.01,2018-10-3,-167,-283,0
GHCND:USC00327027,PETERSBURG 2 N ND US,466.3,48.0355,-98.01,2018-10-4,-189,-283,0
GHCND:USC00327027,PETERSBURG 2 N ND US,466.3,48.0355,-98.01,2018-10-5,-156,-267,0
GHCND:USC00327027,PETERSBURG 2 N ND US,466.3,48.0355,-98.01,2018-10-6,-150,-272,0
GHCND:USC00327027,PETERSBURG 2 N ND US,466.3,48.0355,-98.01,2018-10-7,-178,-311,0
GHCND:USC00327027,PETERSBURG 2 N ND US,466.3,48.0355,-98.01,2018-10-8,-244,-322,0
GHCND:USC00327027,PETERSBURG 2 N ND US,466.3,48.0355,-98.01,2018-10-9,-194,-289,0
GHCND:USC00327027,PETERSBURG 2 N ND US,466.3,48.0355,-98.01,2018-10-10,-167,-200,15
GHCND:USC00327027,PETERSBURG 2 N ND US,466.3,48.0355,-98.01,2018-10-11,-133,-167,9999
GHCND:USC00327027,PETERSBURG 2 N ND US,466.3,48.0355,-98.01,2018-10-12,-133,-172,9999
GHCND:USC00327027,PETERSBURG 2 N ND US,466.3,48.0355,-98.01,2018-10-13,-150,-278,0
GHCND:USC00327027,PETERSBURG 2 N ND US,466.3,48.0355,-98.01,2018-10-14,-233,-328,0
GHCND:USC00327027,PETERSBURG 2 N ND US,466.3,48.0355,-98.01,2018-10-15,-233,-322,0
GHCND:USC00327027,PETERSBURG 2 N ND US,466.3,48.0355,-98.01,2018-10-16,-117,-244,0
GHCND:USC00327027,PETERSBURG 2 N ND US,466.3,48.0355,-98.01,2018-10-17,-67,-128,0
GHCND:USC00327027,PETERSBURG 2 N ND US,466.3,48.0355,-98.01,2018-10-18,-78,-122,0
GHCND:USC00327027,PETERSBURG 2 N ND US,466.3,48.0355,-98.01,2018-10-19,-17,-89,0
GHCND:USC00327027,PETERSBURG 2 N ND US,466.3,48.0355,-98.01,2018-10-20,39,-72,0
GHCND:USC00327027,PETERSBURG 2 N ND US,466.3,48.0355,-98.01,2018-10-21,-67,-72,0
GHCND:USC00327027,PETERSBURG 2 N ND US,466.3,48.0355,-98.01,2018-10-22,22,-50,0
GHCND:USC00327027,PETERSBURG 2 N ND US,466.3,48.0355,-98.01,2018-10-23,33,-44,0
GHCND:USC00327027,PETERSBURG 2 N ND US,466.3,48.0355,-98.01,2018-10-24,6,-172,0
GHCND:USC00327027,PETERSBURG 2 N ND US,466.3,48.0355,-98.01,2018-10-25,-56,-183,0
GHCND:USC00327027,PETERSBURG 2 N ND US,466.3,48.0355,-98.01,2018-10-26,-67,-139,0
GHCND:USC00327027,PETERSBURG 2 N ND US,466.3,48.0355,-98.01,2018-10-27,-67,-94,25
GHCND:USC00327027,PETERSBURG 2 N ND US,466.3,48.0355,-98.01,2018-10-28,-44,-67,0
GHCND:USC00327027,PETERSBURG 2 N ND US,466.3,48.0355,-98.01,2018-10-29,-6,-44,0
GHCND:USC00327027,PETERSBURG 2 N ND US,466.3,48.0355,-98.01,2018-10-30,0,-11,0
GHCND:USC00327027,PETERSBURG 2 N ND US,466.3,48.0355,-98.01,2018-10-31,-11,-161,0
GHCND:USC00327027,PETERSBURG 2 N ND US,466.3,48.0355,-98.01,2018-11-1,-161,-233,0
GHCND:USC00327027,PETERSBURG 2 N ND US,466.3,48.0355,-98.01,2018-11-2,-167,-222,0
GHCND:USC00327027,PETERSBURG 2 N ND US,466.3,48.0355,-98.01,2018-11-3,-167,-283,0
GHCND:USC00327027,PETERSBURG 2 N ND US,466.3,48.0355,-98.01,2018-11-4,-189,-283,0
GHCND:USC00327027,PETERSBURG 2 N ND US,466.3,48.0355,-98.01,2018-11-5,-156,-267,0
GHCND:USC00327027,PETERSBURG 2 N ND US,466.3,48.0355,-98.01,2018-11-6,-150,-272,0
GHCND:USC00327027,PETERSBURG 2 N ND US,466.3,48.0355,-98.01,2018-11-7,-178,-311,0
GHCND:USC00327027,PETERSBURG 2 N ND US,466.3,48.0355,-98.01,2018-11-8,-244,-322,0
GHCND:USC00327027,PETERSBURG 2 N ND US,466.3,48.0355,-98.01,2018-11-9,-194,-289,0
GHCND:USC00327027,PETERSBURG 2 N ND US,466.3,48.0355,-98.01,2018-11-10,-167,-200,15
GHCND:USC00327027,PETERSBURG 2 N ND US,466.3,48.0355,-98.01,2018-11-11,-133,-167,9999
GHCND:USC00327027,PETERSBURG 2 N ND US,466.3,48.0355,-98.01,2018-11-12,-133,-172,9999
GHCND:USC00327027,PETERSBURG 2 N ND US,466.3,48.0355,-98.01,2018-11-13,-150,-278,0
GHCND:USC00327027,PETERSBURG 2 N ND US,466.3,48.0355,-98.01,2018-11-14,-233,-328,0
GHCND:USC00327027,PETERSBURG 2 N ND US,466.3,48.0355,-98.01,2018-11-15,-233,-322,0
GHCND:USC00327027,PETERSBURG 2 N ND US,466.3,48.0355,-98.01,2018-11-16,-117,-244,0
GHCND:USC00327027,PETERSBURG 2 N ND US,466.3,48.0355,-98.01,2018-11-17,-67,-128,0
GHCND:USC00327027,PETERSBURG 2 N ND US,466.3,48.0355,-98.01,2018-11-18,-78,-122,0
GHCND:USC00327027,PETERSBURG 2 N ND US,466.3,48.0355,-98.01,2018-11-19,-17,-89,0
GHCND:USC00327027,PETERSBURG 2 N ND US,466.3,48.0355,-98.01,2018-11-20,39,-72,0
GHCND:USC00327027,PETERSBURG 2 N ND US,466.3,48.0355,-98.01,2018-11-21,-67,-72,0
GHCND:USC00327027,PETERSBURG 2 N ND US,466.3,48.0355,-98.01,2018-11-22,22,-50,0
GHCND:USC00327027,PETERSBURG 2 N ND US,466.3,48.0355,-98.01,2018-11-23,33,-44,0
GHCND:USC00327027,PETERSBURG 2 N ND US,466.3,48.0355,-98.01,2018-11-24,6,-172,0
GHCND:USC00327027,PETERSBURG 2 N ND US,466.3,48.0355,-98.01,2018-11-25,-56,-183,0
GHCND:USC00327027,PETERSBURG 2 N ND US,466.3,48.0355,-98.01,2018-11-26,-67,-139,0
GHCND:USC00327027,PETERSBURG 2 N ND US,466.3,48.0355,-98.01,2018-11-27,-67,-94,25
GHCND:USC00327027,PETERSBURG 2 N ND US,466.3,48.0355,-98.01,2018-11-28,-44,-67,0
GHCND:USC00327027,PETERSBURG 2 N ND US,466.3,48.0355,-98.01,2018-11-29,-6,-44,0
GHCND:USC00327027,PETERSBURG 2 N ND US,466.3,48.0355,-98.01,2018-11-30,0,-11,0
GHCND:USC00327027,PETERSBURG 2 N ND US,466.3,48.0355,-98.01,2018-12-1,-11,-161,0
GHCND:USC00327027,PETERSBURG 2 N ND US,466.3,48.0355,-98.01,2018-12-2,-161,-233,0
GHCND:USC00327027,PETERSBURG 2 N ND US,466.3,48.0355,-98.01,2018-12-3,-167,-222,0
GHCND:USC00327027,PETERSBURG 2 N ND US,466.3,48.0355,-98.01,2018-12-4,-167,-283,0
GHCND:USC00327027,PETERSBURG 2 N ND US,466.3,48.0355,-98.01,2018-12-5,-189,-283,0
GHCND:USC00327027,PETERSBURG 2 N ND US,466.3,48.0355,-98.01,2018-12-6,-156,-267,0
GHCND:USC00327027,PETERSBURG 2 N ND US,466.3,48.0355,-98.01,2018-12-7,-150,-272,0
GHCND:USC00327027,PETERSBURG 2 N ND US,466.3,48.0355,-98.01,2018-12-8,-178,-311,0
GHCND:USC00327027,PETERSBURG 2 N ND US,466.3,48.0355,-98.01,2018-12-9,-244,-322,0
GHCND:USC00327027,PETERSBURG 2 N ND US,466.3,48.0355,-98.01,2018-12-10,-194,-289,0
GHCND:USC00327027,PETERSBURG 2 N ND US,466.3,48.0355,-98.01,2018-12-11,-167,-200,15
GHCND:USC00327027,PETERSBURG 2 N ND US,466.3,48.0355,-98.01,2018-12-12,-133,-167,9999
GHCND:USC00327027,PETERSBURG 2 N ND US,466.3,48.0355,-98.01,2018-12-15,-133,-172,9999
GHCND:USC00327027,PETERSBURG 2 N ND US,466.3,48.0355,-98.01,2018-12-16,-150,-278,0
GHCND:USC00327027,PETERSBURG 2 N ND US,466.3,48.0355,-98.01,2018-12-17,-233,-328,0
GHCND:USC00327027,PETERSBURG 2 N ND US,466.3,48.0355,-98.01,2018-12-18,-233,-322,0
GHCND:USC00327027,PETERSBURG 2 N ND US,466.3,48.0355,-98.01,2018-12-19,-117,-244,0
GHCND:USC00327027,PETERSBURG 2 N ND US,466.3,48.0355,-98.01,2018-12-20,-67,-128,0
GHCND:USC00327027,PETERSBURG 2 N ND US,466.3,48.0355,-98.01,2018-12-21,-78,-122,0
GHCND:USC00327027,PETERSBURG 2 N ND US,466.3,48.0355,-98.01,2018-12-22,-17,-89,0
GHCND:USC00327027,PETERSBURG 2 N ND US,466.3,48.0355,-98.01,2018-12-23,39,-72,0
GHCND:USC00327027,PETERSBURG 2 N ND US,466.3,48.0355,-98.01,2018-12-24,-67,-72,0
GHCND:USC00327027,PETERSBURG 2 N ND US,466.3,48.0355,-98.01,2018-12-25,22,-50,0
GHCND:USC00327027,PETERSBURG 2 N ND US,466.3,48.0355,-98.01,2018-12-26,33,-44,0
GHCND:USC00327027,PETERSBURG 2 N ND US,466.3,48.0355,-98.01,2018-12-27,6,-172,0
GHCND:USC00327027,PETERSBURG 2 N ND US,466.3,48.0355,-98.01,2018-12-28,-56,-183,0
GHCND:USC00327027,PETERSBURG 2 N ND US,466.3,48.0355,-98.01,2018-12-29,-67,-139,0
GHCND:USC00327027,PETERSBURG 2 N ND US,466.3,48.0355,-98.01,2018-12-30,-67,-94,25
GHCND:USC00327027,PETERSBURG 2 N ND US,466.3,48.0355,-98.01,2018-12-31,-44,-67,0
